-- categoriesテーブル
INSERT IGNORE INTO categories (id, name) VALUES (1, '居酒屋');
INSERT IGNORE INTO categories (id, name) VALUES (2, '焼肉');
INSERT IGNORE INTO categories (id, name) VALUES (3, '寿司');
INSERT IGNORE INTO categories (id, name) VALUES (4, 'ラーメン');
INSERT IGNORE INTO categories (id, name) VALUES (5, '定食');
INSERT IGNORE INTO categories (id, name) VALUES (6, 'カレー');
INSERT IGNORE INTO categories (id, name) VALUES (7, '喫茶店');
INSERT IGNORE INTO categories (id, name) VALUES (8, '中華料理');
INSERT IGNORE INTO categories (id, name) VALUES (9, 'イタリア料理');
INSERT IGNORE INTO categories (id, name) VALUES (10, 'フランス料理');
INSERT IGNORE INTO categories (id, name) VALUES (11, 'スペイン料理');
INSERT IGNORE INTO categories (id, name) VALUES (12, '韓国料理');
INSERT IGNORE INTO categories (id, name) VALUES (13, 'タイ料理');
INSERT IGNORE INTO categories (id, name) VALUES (14, '海鮮料理');
INSERT IGNORE INTO categories (id, name) VALUES (15, 'ステーキ');
INSERT IGNORE INTO categories (id, name) VALUES (16, 'ハンバーグ');
INSERT IGNORE INTO categories (id, name) VALUES (17, 'ハンバーガー');
INSERT IGNORE INTO categories (id, name) VALUES (18, 'そば');
INSERT IGNORE INTO categories (id, name) VALUES (19, 'うどん');
INSERT IGNORE INTO categories (id, name) VALUES (20, 'お好み焼き');
INSERT IGNORE INTO categories (id, name) VALUES (21, 'たこ焼き');
INSERT IGNORE INTO categories (id, name) VALUES (22, '鍋料理');
INSERT IGNORE INTO categories (id, name) VALUES (23, 'バー');
INSERT IGNORE INTO categories (id, name) VALUES (24, 'パン');
INSERT IGNORE INTO categories (id, name) VALUES (25, 'スイーツ');
INSERT IGNORE INTO categories (id, name) VALUES (26, '和食');
INSERT IGNORE INTO categories (id, name) VALUES (27, 'おでん');
INSERT IGNORE INTO categories (id, name) VALUES (28, '焼き鳥');
INSERT IGNORE INTO categories (id, name) VALUES (29, 'すき焼き');
INSERT IGNORE INTO categories (id, name) VALUES (30, 'しゃぶしゃぶ');
INSERT IGNORE INTO categories (id, name) VALUES (31, '天ぷら');
INSERT IGNORE INTO categories (id, name) VALUES (32, '揚げ物');
INSERT IGNORE INTO categories (id, name) VALUES (33, '丼物');
INSERT IGNORE INTO categories (id, name) VALUES (34, '鉄板焼き');
INSERT IGNORE INTO categories (id, name) VALUES (35, 'カテゴリ未設定');

-- rolesテーブル
INSERT IGNORE INTO roles (id, name) VALUES (1, 'ROLE_GENERAL');
INSERT IGNORE INTO roles (id, name) VALUES (2, 'ROLE_ADMIN');
INSERT IGNORE INTO roles (id, name) VALUES (3, 'ROLE_SUBSCRIPTION');

-- usersテーブル
INSERT IGNORE INTO users (id, name, email, password, role_id, enabled) VALUES (1, '侍 太郎', 'taro.samurai@example.com', '$2a$10$2JNjTwZBwo7fprL2X4sv.OEKqxnVtsVQvuXDkI8xVGix.U3W5B7CO', 1, true);
INSERT IGNORE INTO users (id, name, email, password, role_id, enabled) VALUES (2, '侍 花子', 'hanako.samurai@example.com', '$2a$10$2JNjTwZBwo7fprL2X4sv.OEKqxnVtsVQvuXDkI8xVGix.U3W5B7CO', 2, true);
INSERT IGNORE INTO users (id, name, email, password, role_id, enabled) VALUES (3, '侍 義勝', 'sachimi.samurai@example.com', 'password', 1, false);
INSERT IGNORE INTO users (id, name, email, password, role_id, enabled) VALUES (5, '侍 雅',  'miyabi.samurai@example.com', 'password', 1, false);
INSERT IGNORE INTO users (id, name, email, password, role_id, enabled) VALUES (6, '侍 正保', 'masayasu.samurai@example.com', 'password', 1, false);
INSERT IGNORE INTO users (id, name, email, password, role_id, enabled) VALUES (7, '侍 真由美', 'mayumi.samurai@example.com', 'password', 1, false);
INSERT IGNORE INTO users (id, name, email, password, role_id, enabled) VALUES (8, '侍 安民', 'yasutami.samurai@example.com', 'password', 1, false);
INSERT IGNORE INTO users (id, name, email, password, role_id, enabled) VALUES (9, '侍 章緒', 'akio.samurai@example.com', 'password', 1, false);
INSERT IGNORE INTO users (id, name, email, password, role_id, enabled) VALUES (10, '侍 祐子', 'yuko.samurai@example.com', 'password', 1, false);
INSERT IGNORE INTO users (id, name, email, password, role_id, enabled) VALUES (11, '侍 秋美', 'akimi.samurai@example.com', 'password', 1, false);
INSERT IGNORE INTO users (id, name, email, password, role_id, enabled) VALUES (12, '侍 信平', 'shinpei.samurai@example.com', 'password', 1, false);

-- restaurantsテーブル
INSERT IGNORE INTO restaurants (id, name, image_name, description, opening_hours, price, postal_code, address, phone_number, regular_holiday, category_id) VALUES (1, '魚と野菜と酒 じゃばらむ', 'sakana.jpg', '名古屋老舗のお店。老舗の味をご堪能ください。', '17:00～23:00', '5,000円～6,000円', '073-0145', '愛知県名古屋市X-XX-XX', '012-345-678', '年中無休', 1);
INSERT IGNORE INTO restaurants (id, name, image_name, description, opening_hours, price, postal_code, address, phone_number, regular_holiday, category_id) VALUES (2, 'ボパ', 'izakaya.jpg', '名古屋老舗のお店。老舗の味をご堪能ください。', '17:00～23:00', '5,000円～6,000円', '030-0945', '愛知県名古屋市X-XX-XX', '012-345-678', '年中無休', 1);
INSERT IGNORE INTO restaurants (id, name, image_name, description, opening_hours, price, postal_code, address, phone_number, regular_holiday, category_id) VALUES (3, 'やきにく 山崎', 'yakiniku.jpg', '名古屋老舗のお店。老舗の味をご堪能ください。', '11:00～23:00', '5,000円～6,000円', '029-5618', '愛知県名古屋市X-XX-XX', '012-345-678', '年中無休', 2);
INSERT IGNORE INTO restaurants (id, name, image_name, description, opening_hours, price, postal_code, address, phone_number, regular_holiday, category_id) VALUES (4, 'ちょもちょもらんま', 'yakiniku.jpg', '名古屋老舗のお店。老舗の味をご堪能ください。', '11:00～23:00', '2,000円～3,000円', '989-0555', '愛知県名古屋市X-XX-XX', '012-345-678', '年中無休', 2);
INSERT IGNORE INTO restaurants (id, name, image_name, description, opening_hours, price, postal_code, address, phone_number, regular_holiday, category_id) VALUES (5, 'コルテスマキ', 'sushi.jpg', '名古屋老舗のお店。老舗の味をご堪能ください。', '10:00～22:00', '3,000円～4,000円', '018-2661', '愛知県名古屋市X-XX-XX', '012-345-678', '年中無休', 3);
INSERT IGNORE INTO restaurants (id, name, image_name, description, opening_hours, price, postal_code, address, phone_number, regular_holiday, category_id) VALUES (6, 'ラカン', 'sushi.jpg', '名古屋老舗のお店。老舗の味をご堪能ください。', '10:00～22:00', '3,000円～4,000円', '999-6708', '愛知県名古屋市X-XX-XX', '012-345-678', '年中無休', 3);
INSERT IGNORE INTO restaurants (id, name, image_name, description, opening_hours, price, postal_code, address, phone_number, regular_holiday, category_id) VALUES (7, '名古屋ラーメン 栄本店', 'ramen.jpg', '名古屋老舗のお店。老舗の味をご堪能ください。', '11:00～23:00', '1,000円～2,000円', '969-5147', '愛知県名古屋市X-XX-XX', '012-345-678', '年中無休', 4);
INSERT IGNORE INTO restaurants (id, name, image_name, description, opening_hours, price, postal_code, address, phone_number, regular_holiday, category_id) VALUES (8, 'つけ麺MENMARU', 'ramen.jpg', '名古屋老舗のお店。老舗の味をご堪能ください。', '11:00～23:00', '1,000円～2,000円', '310-0021', '愛知県名古屋市X-XX-XX', '012-345-678', '年中無休', 4);
INSERT IGNORE INTO restaurants (id, name, image_name, description, opening_hours, price, postal_code, address, phone_number, regular_holiday, category_id) VALUES (9, '割烹旬菜', 'washoku.jpg', '名古屋老舗のお店。老舗の味をご堪能ください。', '10:00～22:00', '1,000円～2,000円', '323-1101', '愛知県名古屋市X-XX-XX', '012-345-678', '年中無休', 5);
INSERT IGNORE INTO restaurants (id, name, image_name, description, opening_hours, price, postal_code, address, phone_number, regular_holiday, category_id) VALUES (10, 'ノイナイアー', 'washoku.jpg', '名古屋老舗のお店。老舗の味をご堪能ください。', '10:00～22:00', '1,000円～2,000円', '370-0806', '愛知県名古屋市X-XX-XX', '012-345-678', '年中無休', 5);
INSERT IGNORE INTO restaurants (id, name, image_name, description, opening_hours, price, postal_code, address, phone_number, regular_holiday, category_id) VALUES (11, 'クショロ', 'curry.jpg', '名古屋老舗のお店。老舗の味をご堪能ください。', '11:00～23:00', '1,000円～2,000円', '344-0125', '愛知県名古屋市X-XX-XX', '012-345-678', '年中無休', 6);
INSERT IGNORE INTO restaurants (id, name, image_name, description, opening_hours, price, postal_code, address, phone_number, regular_holiday, category_id) VALUES (12, 'コールダー', 'curry.jpg', '名古屋老舗のお店。老舗の味をご堪能ください。', '11:00～23:00', '1,000円～2,000円', '272-0011', '愛知県名古屋市X-XX-XX', '012-345-678', '年中無休',6);
INSERT IGNORE INTO restaurants (id, name, image_name, description, opening_hours, price, postal_code, address, phone_number, regular_holiday, category_id) VALUES (13, 'エチェバリア', 'kissatenn.jpg', '名古屋老舗のお店。老舗の味をご堪能ください。', '10:00～20:00', '1,000円～2,000円', '130-0023', '愛知県名古屋市X-XX-XX', '012-345-678', '年中無休', 7);
INSERT IGNORE INTO restaurants (id, name, image_name, description, opening_hours, price, postal_code, address, phone_number, regular_holiday, category_id) VALUES (14, 'バアモンデ', 'kissatenn.jpg', '名古屋老舗のお店。老舗の味をご堪能ください。', '10:00～20:00', '1,000円～2,000円', '240-0006', '愛知県名古屋市X-XX-XX', '012-345-678', '年中無休', 7);
INSERT IGNORE INTO restaurants (id, name, image_name, description, opening_hours, price, postal_code, address, phone_number, regular_holiday, category_id) VALUES (15, 'コルッオーゾ', 'gyouza.jpg', '名古屋老舗のお店。老舗の味をご堪能ください。', '10:00～20:00', '4,000円～5,000円', '950-0201', '愛知県名古屋市X-XX-XX', '012-345-678', '年中無休', 8);
INSERT IGNORE INTO restaurants (id, name, image_name, description, opening_hours, price, postal_code, address, phone_number, regular_holiday, category_id) VALUES (16, 'リサジュー', 'gyouza.jpg', '名古屋老舗のお店。老舗の味をご堪能ください。', '10:00～20:00', '4,000円～5,000円', '939-8155', '愛知県名古屋市X-XX-XX', '012-345-678', '年中無休', 8);
INSERT IGNORE INTO restaurants (id, name, image_name, description, opening_hours, price, postal_code, address, phone_number, regular_holiday, category_id) VALUES (17, 'ノタルジャオモ', 'ramuniku.jpg', '名古屋老舗のお店。老舗の味をご堪能ください。', '10:00～20:00', '4,000円～5,000円', '929-0111', '愛知県名古屋市X-XX-XX', '012-345-678', '年中無休', 9);
INSERT IGNORE INTO restaurants (id, name, image_name, description, opening_hours, price, postal_code, address, phone_number, regular_holiday, category_id) VALUES (18, 'エピ', 'ramuniku.jpg', '名古屋老舗のお店。老舗の味をご堪能ください。', '10:00～20:00', '4,000円～5,000円', '910-2354', '愛知県名古屋市X-XX-XX', '012-345-678', '年中無休', 10);
INSERT IGNORE INTO restaurants (id, name, image_name, description, opening_hours, price, postal_code, address, phone_number, regular_holiday, category_id) VALUES (19, 'プーラマ', 'ramuniku.jpg', '名古屋老舗のお店。老舗の味をご堪能ください。', '10:00～20:00', '4,000円～5,000円', '403-0003', '愛知県名古屋市X-XX-XX', '012-345-678', '年中無休', 11);
INSERT IGNORE INTO restaurants (id, name, image_name, description, opening_hours, price, postal_code, address, phone_number, regular_holiday, category_id) VALUES (20, 'フランジーリ', 'chijimi.jpg', '名古屋老舗のお店。老舗の味をご堪能ください。', '10:00～20:00', '4,000円～5,000円', '395-0017', '愛知県名古屋市X-XX-XX', '012-345-678', '年中無休', 12);
INSERT IGNORE INTO restaurants (id, name, image_name, description, opening_hours, price, postal_code, address, phone_number, regular_holiday, category_id) VALUES (21, 'ピサヌ', 'chijimi.jpg', '名古屋老舗のお店。老舗の味をご堪能ください。', '10:00～20:00', '4,000円～5,000円', '509-5147', '愛知県名古屋市X-XX-XX', '012-345-678', '年中無休', 12);
INSERT IGNORE INTO restaurants (id, name, image_name, description, opening_hours, price, postal_code, address, phone_number, regular_holiday, category_id) VALUES (22, 'サエンコ', 'ramuniku.jpg', '名古屋老舗のお店。老舗の味をご堪能ください。', '10:00～20:00', '4,000円～5,000円', '434-0002', '愛知県名古屋市X-XX-XX', '012-345-678', '年中無休', 13);
INSERT IGNORE INTO restaurants (id, name, image_name, description, opening_hours, price, postal_code, address, phone_number, regular_holiday, category_id) VALUES (23, 'ゲード', 'sakana.jpg', '名古屋老舗のお店。老舗の味をご堪能ください。', '10:00～20:00', '4,000円～5,000円', '444-3261', '愛知県名古屋市X-XX-XX', '012-345-678', '年中無休', 14);
INSERT IGNORE INTO restaurants (id, name, image_name, description, opening_hours, price, postal_code, address, phone_number, regular_holiday, category_id) VALUES (24, 'スピナッツィ', 'sute-ki.jpg', '名古屋老舗のお店。老舗の味をご堪能ください。', '10:00～20:00', '3,000円～4,000円', '510-0201', '愛知県名古屋市X-XX-XX', '012-345-678', '年中無休', 15);
INSERT IGNORE INTO restaurants (id, name, image_name, description, opening_hours, price, postal_code, address, phone_number, regular_holiday, category_id) VALUES (25, 'ミナ', 'sute-ki.jpg', '名古屋老舗のお店。老舗の味をご堪能ください。', '10:00～20:00', '3,000円～4,000円', '520-2353', '愛知県名古屋市X-XX-XX', '012-345-678', '年中無休', 15);
INSERT IGNORE INTO restaurants (id, name, image_name, description, opening_hours, price, postal_code, address, phone_number, regular_holiday, category_id) VALUES (26, 'シェプゼール', 'hanba-gu.jpg', '名古屋老舗のお店。老舗の味をご堪能ください。', '10:00～20:00', '1,000円～2,000円', '612-8369', '愛知県名古屋市X-XX-XX', '012-345-678', '年中無休', 16);
INSERT IGNORE INTO restaurants (id, name, image_name, description, opening_hours, price, postal_code, address, phone_number, regular_holiday, category_id) VALUES (27, 'オーメン', 'hanba-gu.jpg', '名古屋老舗のお店。老舗の味をご堪能ください。', '10:00～20:00', '1,000円～2,000円', '578-0915', '愛知県名古屋市X-XX-XX', '012-345-678', '年中無休', 16);
INSERT IGNORE INTO restaurants (id, name, image_name, description, opening_hours, price, postal_code, address, phone_number, regular_holiday, category_id) VALUES (28, 'NAGOYA BURGER 名駅店', 'burger.jpg', '名古屋老舗のお店。老舗の味をご堪能ください。', '10:00～20:00', '2,000円～3,000円', '655-0891', '愛知県名古屋市X-XX-XX', '012-345-678', '年中無休', 17);
INSERT IGNORE INTO restaurants (id, name, image_name, description, opening_hours, price, postal_code, address, phone_number, regular_holiday, category_id) VALUES (29, 'ロカビ', 'burger.jpg', '名古屋老舗のお店。老舗の味をご堪能ください。', '10:00～20:00', '2,000円～3,000円', '630-1126', '愛知県名古屋市X-XX-XX', '012-345-678', '年中無休', 17);
INSERT IGNORE INTO restaurants (id, name, image_name, description, opening_hours, price, postal_code, address, phone_number, regular_holiday, category_id) VALUES (30, 'ビュグ・キェギ・ゲーレ', 'soba.jpg', '名古屋老舗のお店。老舗の味をご堪能ください。', '10:00～20:00', '2,000円～3,000円', '640-8319', '愛知県名古屋市X-XX-XX', '012-345-678', '年中無休', 18);
INSERT IGNORE INTO restaurants (id, name, image_name, description, opening_hours, price, postal_code, address, phone_number, regular_holiday, category_id) VALUES (31, 'シーナー', 'soba.jpg', '名古屋老舗のお店。老舗の味をご堪能ください。', '10:00～20:00', '2,000円～3,000円', '689-2203', '愛知県名古屋市X-XX-XX', '012-345-678', '年中無休', 18);
INSERT IGNORE INTO restaurants (id, name, image_name, description, opening_hours, price, postal_code, address, phone_number, regular_holiday, category_id) VALUES (32, 'ユアチ', 'udonn.jpg', '名古屋老舗のお店。老舗の味をご堪能ください。', '10:00～20:00', '2,000円～3,000円', '694-0035', '愛知県名古屋市X-XX-XX', '012-345-678', '年中無休', 19);
INSERT IGNORE INTO restaurants (id, name, image_name, description, opening_hours, price, postal_code, address, phone_number, regular_holiday, category_id) VALUES (33, 'ニコリヘデ', 'udonn.jpg', '名古屋老舗のお店。老舗の味をご堪能ください。', '10:00～20:00', '2,000円～3,000円', '712-8036', '愛知県名古屋市X-XX-XX', '012-345-678', '月曜日', 19);
INSERT IGNORE INTO restaurants (id, name, image_name, description, opening_hours, price, postal_code, address, phone_number, regular_holiday, category_id) VALUES (34, 'チョ・ツィゲ・ムー', 'okonomiyaki.jpg', '名古屋老舗のお店。老舗の味をご堪能ください。', '10:00～20:00', '2,000円～3,000円', '726-0011', '愛知県名古屋市X-XX-XX', '012-345-678', '年中無休', 20);
INSERT IGNORE INTO restaurants (id, name, image_name, description, opening_hours, price, postal_code, address, phone_number, regular_holiday, category_id) VALUES (35, 'トメー', 'okonomiyaki.jpg', '名古屋老舗のお店。老舗の味をご堪能ください。', '10:00～20:00', '2,000円～3,000円', '750-0451', '愛知県名古屋市X-XX-XX', '012-345-678', '月曜日', 20);
INSERT IGNORE INTO restaurants (id, name, image_name, description, opening_hours, price, postal_code, address, phone_number, regular_holiday, category_id) VALUES (36, 'グッドウィン', 'okonomiyaki.jpg', '名古屋老舗のお店。老舗の味をご堪能ください。', '10:00～20:00', '1,000円～2,000円', '778-0004', '愛知県名古屋市X-XX-XX', '012-345-678', '年中無休', 21);
INSERT IGNORE INTO restaurants (id, name, image_name, description, opening_hours, price, postal_code, address, phone_number, regular_holiday, category_id) VALUES (37, 'グラッソ', 'nabe.jpg', '名古屋老舗のお店。老舗の味をご堪能ください。', '10:00～20:00', '4,000円～5,000円', '762-0067', '愛知県名古屋市X-XX-XX', '012-345-678', '火曜日', 22);
INSERT IGNORE INTO restaurants (id, name, image_name, description, opening_hours, price, postal_code, address, phone_number, regular_holiday, category_id) VALUES (38, 'トメーイ', 'nabe.jpg', '名古屋老舗のお店。老舗の味をご堪能ください。', '10:00～20:00', '4,000円～5,000円', '792-0828', '愛知県名古屋市X-XX-XX', '012-345-678', '年中無休', 22);
INSERT IGNORE INTO restaurants (id, name, image_name, description, opening_hours, price, postal_code, address, phone_number, regular_holiday, category_id) VALUES (39, 'リーニュ', 'bar.jpg', '名古屋老舗のお店。老舗の味をご堪能ください。', '17:00～23:00', '4,000円～5,000円', '787-1323', '愛知県名古屋市X-XX-XX', '012-345-678', '火曜日', 23);
INSERT IGNORE INTO restaurants (id, name, image_name, description, opening_hours, price, postal_code, address, phone_number, regular_holiday, category_id) VALUES (40, 'ラントゥコユ', 'bar.jpg', '名古屋老舗のお店。老舗の味をご堪能ください。', '17:00～23:00', '4,000円～5,000円', '835-0018', '愛知県名古屋市X-XX-XX', '012-345-678', '年中無休', 23);
INSERT IGNORE INTO restaurants (id, name, image_name, description, opening_hours, price, postal_code, address, phone_number, regular_holiday, category_id) VALUES (41, 'ヒューバーマン', 'bread.jpg', '名古屋老舗のお店。老舗の味をご堪能ください。', '10:00～20:00', '1,000円～2,000円', '840-0213', '愛知県名古屋市X-XX-XX', '012-345-678', '水曜日', 24);
INSERT IGNORE INTO restaurants (id, name, image_name, description, opening_hours, price, postal_code, address, phone_number, regular_holiday, category_id) VALUES (42, 'サンツィオ', 'bread.jpg', '名古屋老舗のお店。老舗の味をご堪能ください。', '10:00～20:00', '4,000円～5,000円', '852-8104', '愛知県名古屋市X-XX-XX', '012-345-678', '年中無休', 24);
INSERT IGNORE INTO restaurants (id, name, image_name, description, opening_hours, price, postal_code, address, phone_number, regular_holiday, category_id) VALUES (43, 'ゲッテマレシ', 'sweets.jpg', '名古屋老舗のお店。老舗の味をご堪能ください。', '10:00～20:00', '2,000円～3,000円', '863-0021', '愛知県名古屋市X-XX-XX', '012-345-678', '水曜日', 25);
INSERT IGNORE INTO restaurants (id, name, image_name, description, opening_hours, price, postal_code, address, phone_number, regular_holiday, category_id) VALUES (44, 'コリーナ', 'sweets.jpg', '名古屋老舗のお店。老舗の味をご堪能ください。', '10:00～20:00', '2,000円～3,000円', '872-0014', '愛知県名古屋市X-XX-XX', '012-345-678', '年中無休', 25);
INSERT IGNORE INTO restaurants (id, name, image_name, description, opening_hours, price, postal_code, address, phone_number, regular_holiday, category_id) VALUES (45, 'タイメゾ', 'washoku.jpg', '名古屋老舗のお店。老舗の味をご堪能ください。', '10:00～20:00', '4,000円～5,000円', '880-0947', '愛知県名古屋市X-XX-XX', '012-345-678', '年中無休', 26);
INSERT IGNORE INTO restaurants (id, name, image_name, description, opening_hours, price, postal_code, address, phone_number, regular_holiday, category_id) VALUES (46, 'ターコイズブルー', 'washoku.jpg', '名古屋老舗のお店。老舗の味をご堪能ください。', '10:00～22:00', '4,000円～5,000円', '895-2103', '愛知県名古屋市X-XX-XX', '012-345-678', '木曜日', 26);
INSERT IGNORE INTO restaurants (id, name, image_name, description, opening_hours, price, postal_code, address, phone_number, regular_holiday, category_id) VALUES (47, 'カーター', 'washoku.jpg', '名古屋老舗のお店。老舗の味をご堪能ください。', '10:00～22:00', '4,000円～5,000円', '904-2165', '愛知県名古屋市X-XX-XX', '012-345-678', '年中無休', 26);
INSERT IGNORE INTO restaurants (id, name, image_name, description, opening_hours, price, postal_code, address, phone_number, regular_holiday, category_id) VALUES (48, '割烹 加藤', 'oden.jpg', '名古屋老舗のお店。老舗の味をご堪能ください。', '10:00～22:00', '4,000円～5,000円', '041-1121', '愛知県名古屋市X-XX-XX', '012-345-678', '木曜日', 27);
INSERT IGNORE INTO restaurants (id, name, image_name, description, opening_hours, price, postal_code, address, phone_number, regular_holiday, category_id) VALUES (49, '炭火串焼コケッコ屋 半田店', 'izakaya.jpg', '名古屋老舗のお店。老舗の味をご堪能ください。', '10:00～22:00', '4,000円～5,000円', '095-0019', '愛知県名古屋市X-XX-XX', '012-345-678', '木曜日', 28);
INSERT IGNORE INTO restaurants (id, name, image_name, description, opening_hours, price, postal_code, address, phone_number, regular_holiday, category_id) VALUES (50, '炭火やきとり マメ', 'izakaya.jpg', '名古屋老舗のお店。老舗の味をご堪能ください。', '10:00～22:00', '4,000円～5,000円', '099-0423', '愛知県名古屋市X-XX-XX', '012-345-678', '年中無休', 28);
INSERT IGNORE INTO restaurants (id, name, image_name, description, opening_hours, price, postal_code, address, phone_number, regular_holiday, category_id) VALUES (51, 'シュワーベ', 'sukiyaki.jpg', '名古屋老舗のお店。老舗の味をご堪能ください。', '10:00～22:00', '4,000円～5,000円', '089-0533', '愛知県名古屋市X-XX-XX', '012-345-678', '金曜日', 29);
INSERT IGNORE INTO restaurants (id, name, image_name, description, opening_hours, price, postal_code, address, phone_number, regular_holiday, category_id) VALUES (52, 'ユビチ', 'sukiyaki.jpg', '名古屋老舗のお店。老舗の味をご堪能ください。', '10:00～22:00', '4,000円～5,000円', '049-3514', '愛知県名古屋市X-XX-XX', '012-345-678', '年中無休', 29);
INSERT IGNORE INTO restaurants (id, name, image_name, description, opening_hours, price, postal_code, address, phone_number, regular_holiday, category_id) VALUES (53, 'ベイム', 'sukiyaki.jpg', '名古屋老舗のお店。老舗の味をご堪能ください。', '10:00～22:00', '4,000円～5,000円', '066-0018', '愛知県名古屋市X-XX-XX', '012-345-678', '金曜日', 30);
INSERT IGNORE INTO restaurants (id, name, image_name, description, opening_hours, price, postal_code, address, phone_number, regular_holiday, category_id) VALUES (54, 'シェルべ', 'tennpura.jpg', '名古屋老舗のお店。老舗の味をご堪能ください。', '10:00～22:00', '4,000円～5,000円', '003-0804', '愛知県名古屋市X-XX-XX', '012-345-678', '金曜日', 31);
INSERT IGNORE INTO restaurants (id, name, image_name, description, opening_hours, price, postal_code, address, phone_number, regular_holiday, category_id) VALUES (55, 'ラアス・カッロペッキ', 'tennpura.jpg', '名古屋老舗のお店。老舗の味をご堪能ください。', '10:00～22:00', '4,000円～5,000円', '042-0908', '愛知県名古屋市X-XX-XX', '012-345-678', '金曜日', 32);
INSERT IGNORE INTO restaurants (id, name, image_name, description, opening_hours, price, postal_code, address, phone_number, regular_holiday, category_id) VALUES (56, 'ドルン', 'kaisenndon.jpg', '名古屋老舗のお店。老舗の味をご堪能ください。', '10:00～22:00', '4,000円～5,000円', '050-0061', '愛知県名古屋市X-XX-XX', '012-345-678', '年中無休', 33);
INSERT IGNORE INTO restaurants (id, name, image_name, description, opening_hours, price, postal_code, address, phone_number, regular_holiday, category_id) VALUES (57, 'ビオ', 'okonomiyaki.jpg', '名古屋老舗のお店。老舗の味をご堪能ください。', '10:00～22:00', '4,000円～5,000円', '059-0027', '愛知県名古屋市X-XX-XX', '012-345-678', '金曜日', 34);

-- reservationsテーブル
INSERT IGNORE INTO reservations (id, restaurant_id, user_id, reservation_date, reservation_time, number_of_people) VALUES (1, 1, 1, '2023-04-01', '10:00', 2);
INSERT IGNORE INTO reservations (id, restaurant_id, user_id, reservation_date, reservation_time, number_of_people) VALUES (2, 2, 1, '2023-04-01', '11:00', 3);
INSERT IGNORE INTO reservations (id, restaurant_id, user_id, reservation_date, reservation_time, number_of_people) VALUES (3, 3, 1, '2023-04-01', '12:00', 4);
INSERT IGNORE INTO reservations (id, restaurant_id, user_id, reservation_date, reservation_time, number_of_people) VALUES (4, 4, 1, '2023-04-01', '13:00', 5);
INSERT IGNORE INTO reservations (id, restaurant_id, user_id, reservation_date, reservation_time, number_of_people) VALUES (5, 5, 1, '2023-04-01', '14:00', 6);
INSERT IGNORE INTO reservations (id, restaurant_id, user_id, reservation_date, reservation_time, number_of_people) VALUES (6, 6, 1, '2023-04-01', '15:00', 2);
INSERT IGNORE INTO reservations (id, restaurant_id, user_id, reservation_date, reservation_time, number_of_people) VALUES (7, 7, 1, '2023-04-01', '16:00', 3);
INSERT IGNORE INTO reservations (id, restaurant_id, user_id, reservation_date, reservation_time, number_of_people) VALUES (8, 8, 1, '2023-04-01', '17:00', 4);
INSERT IGNORE INTO reservations (id, restaurant_id, user_id, reservation_date, reservation_time, number_of_people) VALUES (9, 9, 1, '2023-04-01', '18:00', 5);
INSERT IGNORE INTO reservations (id, restaurant_id, user_id, reservation_date, reservation_time, number_of_people) VALUES (10, 10, 1, '2023-04-01', '19:00', 6);
INSERT IGNORE INTO reservations (id, restaurant_id, user_id, reservation_date, reservation_time, number_of_people) VALUES (11, 11, 1, '2023-04-01', '20:00', 2);

-- favoritesテーブル
INSERT IGNORE INTO favorites (id, restaurant_id, user_id) VALUES (1, 1, 1);
INSERT IGNORE INTO favorites (id, restaurant_id, user_id) VALUES (2, 2, 1);
INSERT IGNORE INTO favorites (id, restaurant_id, user_id) VALUES (3, 3, 1);
INSERT IGNORE INTO favorites (id, restaurant_id, user_id) VALUES (4, 4, 1);
INSERT IGNORE INTO favorites (id, restaurant_id, user_id) VALUES (5, 5, 1);
INSERT IGNORE INTO favorites (id, restaurant_id, user_id) VALUES (6, 6, 1);
INSERT IGNORE INTO favorites (id, restaurant_id, user_id) VALUES (7, 7, 1);
INSERT IGNORE INTO favorites (id, restaurant_id, user_id) VALUES (8, 8, 1);
INSERT IGNORE INTO favorites (id, restaurant_id, user_id) VALUES (9, 9, 1);
INSERT IGNORE INTO favorites (id, restaurant_id, user_id) VALUES (10, 10, 1);
INSERT IGNORE INTO favorites (id, restaurant_id, user_id) VALUES (11, 11, 1);

-- reviewsテーブル
INSERT IGNORE INTO reviews (id, restaurant_id, user_id, content, evaluation) VALUES (1, 1, 1, '名古屋では有名な格安で焼肉食べ放題のお店。タイミングよく仕事で行く機会があったので、地元の友人と一緒に来店しました。店内は広くゆったりとできます。', '★★★★★');
INSERT IGNORE INTO reviews (id, restaurant_id, user_id, content, evaluation) VALUES (2, 1, 5, '名古屋では有名な格安で焼肉食べ放題のお店。タイミングよく仕事で行く機会があったので、地元の友人と一緒に来店しました。店内は広くゆったりとできます。', '★★★★★');
INSERT IGNORE INTO reviews (id, restaurant_id, user_id, content, evaluation) VALUES (3, 1, 6, '名古屋では有名な格安で焼肉食べ放題のお店。タイミングよく仕事で行く機会があったので、地元の友人と一緒に来店しました。店内は広くゆったりとできます。', '★★★★☆');
INSERT IGNORE INTO reviews (id, restaurant_id, user_id, content, evaluation) VALUES (4, 2, 7, '名古屋では有名な格安で焼肉食べ放題のお店。タイミングよく仕事で行く機会があったので、地元の友人と一緒に来店しました。店内は広くゆったりとできます。', '★★★☆☆');
INSERT IGNORE INTO reviews (id, restaurant_id, user_id, content, evaluation) VALUES (5, 2, 6, '名古屋では有名な格安で焼肉食べ放題のお店。タイミングよく仕事で行く機会があったので、地元の友人と一緒に来店しました。店内は広くゆったりとできます。', '★★☆☆☆');
INSERT IGNORE INTO reviews (id, restaurant_id, user_id, content, evaluation) VALUES (6, 2, 5, '名古屋では有名な格安で焼肉食べ放題のお店。タイミングよく仕事で行く機会があったので、地元の友人と一緒に来店しました。店内は広くゆったりとできます。', '★★★★☆');
INSERT IGNORE INTO reviews (id, restaurant_id, user_id, content, evaluation) VALUES (7, 3, 8, '名古屋では有名な格安で焼肉食べ放題のお店。タイミングよく仕事で行く機会があったので、地元の友人と一緒に来店しました。店内は広くゆったりとできます。', '★★★★☆');
INSERT IGNORE INTO reviews (id, restaurant_id, user_id, content, evaluation) VALUES (8, 3, 7, '名古屋では有名な格安で焼肉食べ放題のお店。タイミングよく仕事で行く機会があったので、地元の友人と一緒に来店しました。店内は広くゆったりとできます。', '★★★★★');
INSERT IGNORE INTO reviews (id, restaurant_id, user_id, content, evaluation) VALUES (9, 3, 6, '名古屋では有名な格安で焼肉食べ放題のお店。タイミングよく仕事で行く機会があったので、地元の友人と一緒に来店しました。店内は広くゆったりとできます。', '★★★★★');
INSERT IGNORE INTO reviews (id, restaurant_id, user_id, content, evaluation) VALUES (10, 4, 9, '名古屋では有名な格安で焼肉食べ放題のお店。タイミングよく仕事で行く機会があったので、地元の友人と一緒に来店しました。店内は広くゆったりとできます。', '★★★★☆');
INSERT IGNORE INTO reviews (id, restaurant_id, user_id, content, evaluation) VALUES (11, 4, 8, '名古屋では有名な格安で焼肉食べ放題のお店。タイミングよく仕事で行く機会があったので、地元の友人と一緒に来店しました。店内は広くゆったりとできます。', '★★★☆☆');
INSERT IGNORE INTO reviews (id, restaurant_id, user_id, content, evaluation) VALUES (12, 4, 7, '名古屋では有名な格安で焼肉食べ放題のお店。タイミングよく仕事で行く機会があったので、地元の友人と一緒に来店しました。店内は広くゆったりとできます。', '★★☆☆☆');
INSERT IGNORE INTO reviews (id, restaurant_id, user_id, content, evaluation) VALUES (13, 5, 10, '名古屋では有名な格安で焼肉食べ放題のお店。タイミングよく仕事で行く機会があったので、地元の友人と一緒に来店しました。店内は広くゆったりとできます。', '★★★★☆');
INSERT IGNORE INTO reviews (id, restaurant_id, user_id, content, evaluation) VALUES (14, 5, 9, '名古屋では有名な格安で焼肉食べ放題のお店。タイミングよく仕事で行く機会があったので、地元の友人と一緒に来店しました。店内は広くゆったりとできます。', '★★★★☆');
INSERT IGNORE INTO reviews (id, restaurant_id, user_id, content, evaluation) VALUES (15, 6, 8, '名古屋では有名な格安で焼肉食べ放題のお店。タイミングよく仕事で行く機会があったので、地元の友人と一緒に来店しました。店内は広くゆったりとできます。', '★★★★★');
INSERT IGNORE INTO reviews (id, restaurant_id, user_id, content, evaluation) VALUES (16, 6, 11, '名古屋では有名な格安で焼肉食べ放題のお店。タイミングよく仕事で行く機会があったので、地元の友人と一緒に来店しました。店内は広くゆったりとできます。', '★★★★★');
INSERT IGNORE INTO reviews (id, restaurant_id, user_id, content, evaluation) VALUES (17, 7, 10, '名古屋では有名な格安で焼肉食べ放題のお店。タイミングよく仕事で行く機会があったので、地元の友人と一緒に来店しました。店内は広くゆったりとできます。', '★★★★☆');
INSERT IGNORE INTO reviews (id, restaurant_id, user_id, content, evaluation) VALUES (18, 7, 9, '名古屋では有名な格安で焼肉食べ放題のお店。タイミングよく仕事で行く機会があったので、地元の友人と一緒に来店しました。店内は広くゆったりとできます。', '★★★☆☆');
INSERT IGNORE INTO reviews (id, restaurant_id, user_id, content, evaluation) VALUES (19, 8, 12, '名古屋では有名な格安で焼肉食べ放題のお店。タイミングよく仕事で行く機会があったので、地元の友人と一緒に来店しました。店内は広くゆったりとできます。', '★★☆☆☆');
INSERT IGNORE INTO reviews (id, restaurant_id, user_id, content, evaluation) VALUES (20, 9, 11, '名古屋では有名な格安で焼肉食べ放題のお店。タイミングよく仕事で行く機会があったので、地元の友人と一緒に来店しました。店内は広くゆったりとできます。', '★★★★☆');
INSERT IGNORE INTO reviews (id, restaurant_id, user_id, content, evaluation) VALUES (21, 10, 10, '名古屋では有名な格安で焼肉食べ放題のお店。タイミングよく仕事で行く機会があったので、地元の友人と一緒に来店しました。店内は広くゆったりとできます。', '★★★★☆');
